name,ticker,risk score
name,ticker,risk score
name,ticker,risk score

Cardano,ADA,5
name,ticker,risk score

name,ticker,risk score
Cardano,ADA,5
name,ticker,risk score

name,ticker,risk score
name,ticker,risk score
name,ticker,risk score
Cardano,ADA,5
name,ticker,risk score

name,ticker,risk score
name,ticker,risk score
name,ticker,risk score
name,ticker,risk score
name,ticker,risk score
name,ticker,risk score
name,ticker,risk score
Cardano,ADA,5
name,ticker,risk score

name,ticker,risk score
name,ticker,risk score
name,ticker,risk score
name,ticker,risk score
name,ticker,risk score
name,ticker,risk score
name,ticker,risk score
name,ticker,risk score
name,ticker,risk score
name,ticker,risk score
name,ticker,risk score
name,ticker,risk score
name,ticker,risk score
name,ticker,risk score
name,ticker,risk score
Cardano,ADA,5
name,ticker,risk score

name,ticker,risk score
name,ticker,risk score
name,ticker,risk score
name,ticker,risk score
name,ticker,risk score
name,ticker,risk score
name,ticker,risk score
name,ticker,risk score
name,ticker,risk score
name,ticker,risk score
name,ticker,risk score
name,ticker,risk score
name,ticker,risk score
name,ticker,risk score
name,ticker,risk score
name,ticker,risk score
name,ticker,risk score
name,ticker,risk score
name,ticker,risk score
name,ticker,risk score
name,ticker,risk score
name,ticker,risk score
name,ticker,risk score
name,ticker,risk score
name,ticker,risk score
name,ticker,risk score
name,ticker,risk score
name,ticker,risk score
name,ticker,risk score
name,ticker,risk score
name,ticker,risk score
Cardano,ADA,5
name,ticker,risk score

name,ticker,risk score
name,ticker,risk score
name,ticker,risk score
name,ticker,risk score
name,ticker,risk score
name,ticker,risk score
name,ticker,risk score
name,ticker,risk score
name,ticker,risk score
name,ticker,risk score
name,ticker,risk score
name,ticker,risk score
name,ticker,risk score
name,ticker,risk score
name,ticker,risk score
name,ticker,risk score
name,ticker,risk score
name,ticker,risk score
name,ticker,risk score
name,ticker,risk score
name,ticker,risk score
name,ticker,risk score
name,ticker,risk score
name,ticker,risk score
name,ticker,risk score
name,ticker,risk score
name,ticker,risk score
name,ticker,risk score
name,ticker,risk score
name,ticker,risk score
name,ticker,risk score
name,ticker,risk score
name,ticker,risk score
name,ticker,risk score
name,ticker,risk score
name,ticker,risk score
name,ticker,risk score
name,ticker,risk score
name,ticker,risk score
name,ticker,risk score
name,ticker,risk score
name,ticker,risk score
name,ticker,risk score
name,ticker,risk score
name,ticker,risk score
name,ticker,risk score
name,ticker,risk score
name,ticker,risk score
name,ticker,risk score
name,ticker,risk score
name,ticker,risk score
name,ticker,risk score
name,ticker,risk score
name,ticker,risk score
name,ticker,risk score
name,ticker,risk score
name,ticker,risk score
name,ticker,risk score
name,ticker,risk score
name,ticker,risk score
name,ticker,risk score
name,ticker,risk score
name,ticker,risk score
Cardano,ADA,5
name,ticker,risk score

name,ticker,risk score
name,ticker,risk score
name,ticker,risk score
name,ticker,risk score
name,ticker,risk score
name,ticker,risk score
name,ticker,risk score
name,ticker,risk score
name,ticker,risk score
name,ticker,risk score
name,ticker,risk score
name,ticker,risk score
name,ticker,risk score
name,ticker,risk score
name,ticker,risk score
name,ticker,risk score
name,ticker,risk score
name,ticker,risk score
name,ticker,risk score
name,ticker,risk score
name,ticker,risk score
name,ticker,risk score
name,ticker,risk score
name,ticker,risk score
name,ticker,risk score
name,ticker,risk score
name,ticker,risk score
name,ticker,risk score
name,ticker,risk score
name,ticker,risk score
name,ticker,risk score
name,ticker,risk score
name,ticker,risk score
name,ticker,risk score
name,ticker,risk score
name,ticker,risk score
name,ticker,risk score
name,ticker,risk score
name,ticker,risk score
name,ticker,risk score
name,ticker,risk score
name,ticker,risk score
name,ticker,risk score
name,ticker,risk score
name,ticker,risk score
name,ticker,risk score
name,ticker,risk score
name,ticker,risk score
name,ticker,risk score
name,ticker,risk score
name,ticker,risk score
name,ticker,risk score
name,ticker,risk score
name,ticker,risk score
name,ticker,risk score
name,ticker,risk score
name,ticker,risk score
name,ticker,risk score
name,ticker,risk score
name,ticker,risk score
name,ticker,risk score
name,ticker,risk score
name,ticker,risk score
name,ticker,risk score
name,ticker,risk score
name,ticker,risk score
name,ticker,risk score
name,ticker,risk score
name,ticker,risk score
name,ticker,risk score
name,ticker,risk score
name,ticker,risk score
name,ticker,risk score
name,ticker,risk score
name,ticker,risk score
name,ticker,risk score
name,ticker,risk score
name,ticker,risk score
name,ticker,risk score
name,ticker,risk score
name,ticker,risk score
name,ticker,risk score
name,ticker,risk score
name,ticker,risk score
name,ticker,risk score
name,ticker,risk score
name,ticker,risk score
name,ticker,risk score
name,ticker,risk score
name,ticker,risk score
name,ticker,risk score
name,ticker,risk score
name,ticker,risk score
name,ticker,risk score
name,ticker,risk score
name,ticker,risk score
name,ticker,risk score
name,ticker,risk score
name,ticker,risk score
name,ticker,risk score
name,ticker,risk score
name,ticker,risk score
name,ticker,risk score
name,ticker,risk score
name,ticker,risk score
name,ticker,risk score
name,ticker,risk score
name,ticker,risk score
name,ticker,risk score
name,ticker,risk score
name,ticker,risk score
name,ticker,risk score
name,ticker,risk score
name,ticker,risk score
name,ticker,risk score
name,ticker,risk score
name,ticker,risk score
name,ticker,risk score
name,ticker,risk score
name,ticker,risk score
name,ticker,risk score
name,ticker,risk score
name,ticker,risk score
name,ticker,risk score
name,ticker,risk score
name,ticker,risk score
name,ticker,risk score
Cardano,ADA,5
name,ticker,risk score

name,ticker,risk score
name,ticker,risk score
name,ticker,risk score
name,ticker,risk score
name,ticker,risk score
name,ticker,risk score
name,ticker,risk score
name,ticker,risk score
name,ticker,risk score
name,ticker,risk score
name,ticker,risk score
name,ticker,risk score
name,ticker,risk score
name,ticker,risk score
name,ticker,risk score
name,ticker,risk score
name,ticker,risk score
name,ticker,risk score
name,ticker,risk score
name,ticker,risk score
name,ticker,risk score
name,ticker,risk score
name,ticker,risk score
name,ticker,risk score
name,ticker,risk score
name,ticker,risk score
name,ticker,risk score
name,ticker,risk score
name,ticker,risk score
name,ticker,risk score
name,ticker,risk score
name,ticker,risk score
name,ticker,risk score
name,ticker,risk score
name,ticker,risk score
name,ticker,risk score
name,ticker,risk score
name,ticker,risk score
name,ticker,risk score
name,ticker,risk score
name,ticker,risk score
name,ticker,risk score
name,ticker,risk score
name,ticker,risk score
name,ticker,risk score
name,ticker,risk score
name,ticker,risk score
name,ticker,risk score
name,ticker,risk score
name,ticker,risk score
name,ticker,risk score
name,ticker,risk score
name,ticker,risk score
name,ticker,risk score
name,ticker,risk score
name,ticker,risk score
name,ticker,risk score
name,ticker,risk score
name,ticker,risk score
name,ticker,risk score
name,ticker,risk score
name,ticker,risk score
name,ticker,risk score
name,ticker,risk score
name,ticker,risk score
name,ticker,risk score
name,ticker,risk score
name,ticker,risk score
name,ticker,risk score
name,ticker,risk score
name,ticker,risk score
name,ticker,risk score
name,ticker,risk score
name,ticker,risk score
name,ticker,risk score
name,ticker,risk score
name,ticker,risk score
name,ticker,risk score
name,ticker,risk score
name,ticker,risk score
name,ticker,risk score
name,ticker,risk score
name,ticker,risk score
name,ticker,risk score
name,ticker,risk score
name,ticker,risk score
name,ticker,risk score
name,ticker,risk score
name,ticker,risk score
name,ticker,risk score
name,ticker,risk score
name,ticker,risk score
name,ticker,risk score
name,ticker,risk score
name,ticker,risk score
name,ticker,risk score
name,ticker,risk score
name,ticker,risk score
name,ticker,risk score
name,ticker,risk score
name,ticker,risk score
name,ticker,risk score
name,ticker,risk score
name,ticker,risk score
name,ticker,risk score
name,ticker,risk score
name,ticker,risk score
name,ticker,risk score
name,ticker,risk score
name,ticker,risk score
name,ticker,risk score
name,ticker,risk score
name,ticker,risk score
name,ticker,risk score
name,ticker,risk score
name,ticker,risk score
name,ticker,risk score
name,ticker,risk score
name,ticker,risk score
name,ticker,risk score
name,ticker,risk score
name,ticker,risk score
name,ticker,risk score
name,ticker,risk score
name,ticker,risk score
name,ticker,risk score
name,ticker,risk score
name,ticker,risk score
name,ticker,risk score
name,ticker,risk score
name,ticker,risk score
name,ticker,risk score
name,ticker,risk score
name,ticker,risk score
name,ticker,risk score
name,ticker,risk score
name,ticker,risk score
name,ticker,risk score
name,ticker,risk score
name,ticker,risk score
name,ticker,risk score
name,ticker,risk score
name,ticker,risk score
name,ticker,risk score
name,ticker,risk score
name,ticker,risk score
name,ticker,risk score
name,ticker,risk score
name,ticker,risk score
name,ticker,risk score
name,ticker,risk score
name,ticker,risk score
name,ticker,risk score
name,ticker,risk score
name,ticker,risk score
name,ticker,risk score
name,ticker,risk score
name,ticker,risk score
name,ticker,risk score
name,ticker,risk score
name,ticker,risk score
name,ticker,risk score
name,ticker,risk score
name,ticker,risk score
name,ticker,risk score
name,ticker,risk score
name,ticker,risk score
name,ticker,risk score
name,ticker,risk score
name,ticker,risk score
name,ticker,risk score
name,ticker,risk score
name,ticker,risk score
name,ticker,risk score
name,ticker,risk score
name,ticker,risk score
name,ticker,risk score
name,ticker,risk score
name,ticker,risk score
name,ticker,risk score
name,ticker,risk score
name,ticker,risk score
name,ticker,risk score
name,ticker,risk score
name,ticker,risk score
name,ticker,risk score
name,ticker,risk score
name,ticker,risk score
name,ticker,risk score
name,ticker,risk score
name,ticker,risk score
name,ticker,risk score
name,ticker,risk score
name,ticker,risk score
name,ticker,risk score
name,ticker,risk score
name,ticker,risk score
name,ticker,risk score
name,ticker,risk score
name,ticker,risk score
name,ticker,risk score
name,ticker,risk score
name,ticker,risk score
name,ticker,risk score
name,ticker,risk score
name,ticker,risk score
name,ticker,risk score
name,ticker,risk score
name,ticker,risk score
name,ticker,risk score
name,ticker,risk score
name,ticker,risk score
name,ticker,risk score
name,ticker,risk score
name,ticker,risk score
name,ticker,risk score
name,ticker,risk score
name,ticker,risk score
name,ticker,risk score
name,ticker,risk score
name,ticker,risk score
name,ticker,risk score
name,ticker,risk score
name,ticker,risk score
name,ticker,risk score
name,ticker,risk score
name,ticker,risk score
name,ticker,risk score
name,ticker,risk score
name,ticker,risk score
name,ticker,risk score
name,ticker,risk score
name,ticker,risk score
name,ticker,risk score
name,ticker,risk score
name,ticker,risk score
name,ticker,risk score
name,ticker,risk score
name,ticker,risk score
name,ticker,risk score
name,ticker,risk score
name,ticker,risk score
name,ticker,risk score
name,ticker,risk score
name,ticker,risk score
name,ticker,risk score
name,ticker,risk score
name,ticker,risk score
name,ticker,risk score
name,ticker,risk score
name,ticker,risk score
name,ticker,risk score
name,ticker,risk score
name,ticker,risk score
name,ticker,risk score
Cardano,ADA,5
name,ticker,risk score

name,ticker,risk score
name,ticker,risk score
name,ticker,risk score
name,ticker,risk score
name,ticker,risk score
name,ticker,risk score
name,ticker,risk score
name,ticker,risk score
name,ticker,risk score
name,ticker,risk score
name,ticker,risk score
name,ticker,risk score
name,ticker,risk score
name,ticker,risk score
name,ticker,risk score
name,ticker,risk score
name,ticker,risk score
name,ticker,risk score
name,ticker,risk score
name,ticker,risk score
name,ticker,risk score
name,ticker,risk score
name,ticker,risk score
name,ticker,risk score
name,ticker,risk score
name,ticker,risk score
name,ticker,risk score
name,ticker,risk score
name,ticker,risk score
name,ticker,risk score
name,ticker,risk score
name,ticker,risk score
name,ticker,risk score
name,ticker,risk score
name,ticker,risk score
name,ticker,risk score
name,ticker,risk score
name,ticker,risk score
name,ticker,risk score
name,ticker,risk score
name,ticker,risk score
name,ticker,risk score
name,ticker,risk score
name,ticker,risk score
name,ticker,risk score
name,ticker,risk score
name,ticker,risk score
name,ticker,risk score
name,ticker,risk score
name,ticker,risk score
name,ticker,risk score
name,ticker,risk score
name,ticker,risk score
name,ticker,risk score
name,ticker,risk score
name,ticker,risk score
name,ticker,risk score
name,ticker,risk score
name,ticker,risk score
name,ticker,risk score
name,ticker,risk score
name,ticker,risk score
name,ticker,risk score
name,ticker,risk score
name,ticker,risk score
name,ticker,risk score
name,ticker,risk score
name,ticker,risk score
name,ticker,risk score
name,ticker,risk score
name,ticker,risk score
name,ticker,risk score
name,ticker,risk score
name,ticker,risk score
name,ticker,risk score
name,ticker,risk score
name,ticker,risk score
name,ticker,risk score
name,ticker,risk score
name,ticker,risk score
name,ticker,risk score
name,ticker,risk score
name,ticker,risk score
name,ticker,risk score
name,ticker,risk score
name,ticker,risk score
name,ticker,risk score
name,ticker,risk score
name,ticker,risk score
name,ticker,risk score
name,ticker,risk score
name,ticker,risk score
name,ticker,risk score
name,ticker,risk score
name,ticker,risk score
name,ticker,risk score
name,ticker,risk score
name,ticker,risk score
name,ticker,risk score
name,ticker,risk score
name,ticker,risk score
name,ticker,risk score
name,ticker,risk score
name,ticker,risk score
name,ticker,risk score
name,ticker,risk score
name,ticker,risk score
name,ticker,risk score
name,ticker,risk score
name,ticker,risk score
name,ticker,risk score
name,ticker,risk score
name,ticker,risk score
name,ticker,risk score
name,ticker,risk score
name,ticker,risk score
name,ticker,risk score
name,ticker,risk score
name,ticker,risk score
name,ticker,risk score
name,ticker,risk score
name,ticker,risk score
name,ticker,risk score
name,ticker,risk score
name,ticker,risk score
name,ticker,risk score
name,ticker,risk score
name,ticker,risk score
name,ticker,risk score
name,ticker,risk score
name,ticker,risk score
name,ticker,risk score
name,ticker,risk score
name,ticker,risk score
name,ticker,risk score
name,ticker,risk score
name,ticker,risk score
name,ticker,risk score
name,ticker,risk score
name,ticker,risk score
name,ticker,risk score
name,ticker,risk score
name,ticker,risk score
name,ticker,risk score
name,ticker,risk score
name,ticker,risk score
name,ticker,risk score
name,ticker,risk score
name,ticker,risk score
name,ticker,risk score
name,ticker,risk score
name,ticker,risk score
name,ticker,risk score
name,ticker,risk score
name,ticker,risk score
name,ticker,risk score
name,ticker,risk score
name,ticker,risk score
name,ticker,risk score
name,ticker,risk score
name,ticker,risk score
name,ticker,risk score
name,ticker,risk score
name,ticker,risk score
name,ticker,risk score
name,ticker,risk score
name,ticker,risk score
name,ticker,risk score
name,ticker,risk score
name,ticker,risk score
name,ticker,risk score
name,ticker,risk score
name,ticker,risk score
name,ticker,risk score
name,ticker,risk score
name,ticker,risk score
name,ticker,risk score
name,ticker,risk score
name,ticker,risk score
name,ticker,risk score
name,ticker,risk score
name,ticker,risk score
name,ticker,risk score
name,ticker,risk score
name,ticker,risk score
name,ticker,risk score
name,ticker,risk score
name,ticker,risk score
name,ticker,risk score
name,ticker,risk score
name,ticker,risk score
name,ticker,risk score
name,ticker,risk score
name,ticker,risk score
name,ticker,risk score
name,ticker,risk score
name,ticker,risk score
name,ticker,risk score
name,ticker,risk score
name,ticker,risk score
name,ticker,risk score
name,ticker,risk score
name,ticker,risk score
name,ticker,risk score
name,ticker,risk score
name,ticker,risk score
name,ticker,risk score
name,ticker,risk score
name,ticker,risk score
name,ticker,risk score
name,ticker,risk score
name,ticker,risk score
name,ticker,risk score
name,ticker,risk score
name,ticker,risk score
name,ticker,risk score
name,ticker,risk score
name,ticker,risk score
name,ticker,risk score
name,ticker,risk score
name,ticker,risk score
name,ticker,risk score
name,ticker,risk score
name,ticker,risk score
name,ticker,risk score
name,ticker,risk score
name,ticker,risk score
name,ticker,risk score
name,ticker,risk score
name,ticker,risk score
name,ticker,risk score
name,ticker,risk score
name,ticker,risk score
name,ticker,risk score
name,ticker,risk score
name,ticker,risk score
name,ticker,risk score
name,ticker,risk score
name,ticker,risk score
name,ticker,risk score
name,ticker,risk score
name,ticker,risk score
name,ticker,risk score
name,ticker,risk score
name,ticker,risk score
name,ticker,risk score
name,ticker,risk score
name,ticker,risk score
name,ticker,risk score
name,ticker,risk score
name,ticker,risk score
name,ticker,risk score
name,ticker,risk score
name,ticker,risk score
name,ticker,risk score
name,ticker,risk score
name,ticker,risk score
name,ticker,risk score
name,ticker,risk score
name,ticker,risk score
name,ticker,risk score
name,ticker,risk score
name,ticker,risk score
name,ticker,risk score
name,ticker,risk score
name,ticker,risk score
name,ticker,risk score
name,ticker,risk score
name,ticker,risk score
name,ticker,risk score
name,ticker,risk score
name,ticker,risk score
name,ticker,risk score
name,ticker,risk score
name,ticker,risk score
name,ticker,risk score
name,ticker,risk score
name,ticker,risk score
name,ticker,risk score
name,ticker,risk score
name,ticker,risk score
name,ticker,risk score
name,ticker,risk score
name,ticker,risk score
name,ticker,risk score
name,ticker,risk score
name,ticker,risk score
name,ticker,risk score
name,ticker,risk score
name,ticker,risk score
name,ticker,risk score
name,ticker,risk score
name,ticker,risk score
name,ticker,risk score
name,ticker,risk score
name,ticker,risk score
name,ticker,risk score
name,ticker,risk score
name,ticker,risk score
name,ticker,risk score
name,ticker,risk score
name,ticker,risk score
name,ticker,risk score
name,ticker,risk score
name,ticker,risk score
name,ticker,risk score
name,ticker,risk score
name,ticker,risk score
name,ticker,risk score
name,ticker,risk score
name,ticker,risk score
name,ticker,risk score
name,ticker,risk score
name,ticker,risk score
name,ticker,risk score
name,ticker,risk score
name,ticker,risk score
name,ticker,risk score
name,ticker,risk score
name,ticker,risk score
name,ticker,risk score
name,ticker,risk score
name,ticker,risk score
name,ticker,risk score
name,ticker,risk score
name,ticker,risk score
name,ticker,risk score
name,ticker,risk score
name,ticker,risk score
name,ticker,risk score
name,ticker,risk score
name,ticker,risk score
name,ticker,risk score
name,ticker,risk score
name,ticker,risk score
name,ticker,risk score
name,ticker,risk score
name,ticker,risk score
name,ticker,risk score
name,ticker,risk score
name,ticker,risk score
name,ticker,risk score
name,ticker,risk score
name,ticker,risk score
name,ticker,risk score
name,ticker,risk score
name,ticker,risk score
name,ticker,risk score
name,ticker,risk score
name,ticker,risk score
name,ticker,risk score
name,ticker,risk score
name,ticker,risk score
name,ticker,risk score
name,ticker,risk score
name,ticker,risk score
name,ticker,risk score
name,ticker,risk score
name,ticker,risk score
name,ticker,risk score
name,ticker,risk score
name,ticker,risk score
name,ticker,risk score
name,ticker,risk score
name,ticker,risk score
name,ticker,risk score
name,ticker,risk score
name,ticker,risk score
name,ticker,risk score
name,ticker,risk score
name,ticker,risk score
name,ticker,risk score
name,ticker,risk score
name,ticker,risk score
name,ticker,risk score
name,ticker,risk score
name,ticker,risk score
name,ticker,risk score
name,ticker,risk score
name,ticker,risk score
name,ticker,risk score
name,ticker,risk score
name,ticker,risk score
name,ticker,risk score
name,ticker,risk score
name,ticker,risk score
name,ticker,risk score
name,ticker,risk score
name,ticker,risk score
name,ticker,risk score
name,ticker,risk score
name,ticker,risk score
name,ticker,risk score
name,ticker,risk score
name,ticker,risk score
name,ticker,risk score
name,ticker,risk score
name,ticker,risk score
name,ticker,risk score
name,ticker,risk score
name,ticker,risk score
name,ticker,risk score
name,ticker,risk score
name,ticker,risk score
name,ticker,risk score
name,ticker,risk score
name,ticker,risk score
name,ticker,risk score
name,ticker,risk score
name,ticker,risk score
name,ticker,risk score
name,ticker,risk score
name,ticker,risk score
name,ticker,risk score
name,ticker,risk score
name,ticker,risk score
name,ticker,risk score
name,ticker,risk score
name,ticker,risk score
name,ticker,risk score
name,ticker,risk score
name,ticker,risk score
name,ticker,risk score
name,ticker,risk score
name,ticker,risk score
name,ticker,risk score
name,ticker,risk score
name,ticker,risk score
name,ticker,risk score
name,ticker,risk score
name,ticker,risk score
name,ticker,risk score
name,ticker,risk score
name,ticker,risk score
name,ticker,risk score
name,ticker,risk score
name,ticker,risk score
name,ticker,risk score
name,ticker,risk score
name,ticker,risk score
name,ticker,risk score
name,ticker,risk score
name,ticker,risk score
name,ticker,risk score
name,ticker,risk score
name,ticker,risk score
name,ticker,risk score
name,ticker,risk score
name,ticker,risk score
name,ticker,risk score
name,ticker,risk score
name,ticker,risk score
name,ticker,risk score
name,ticker,risk score
name,ticker,risk score
name,ticker,risk score
name,ticker,risk score
name,ticker,risk score
name,ticker,risk score
name,ticker,risk score
name,ticker,risk score
name,ticker,risk score
name,ticker,risk score
name,ticker,risk score
name,ticker,risk score
name,ticker,risk score
name,ticker,risk score
name,ticker,risk score
name,ticker,risk score
name,ticker,risk score
name,ticker,risk score
name,ticker,risk score
name,ticker,risk score
name,ticker,risk score
name,ticker,risk score
name,ticker,risk score
name,ticker,risk score
name,ticker,risk score
name,ticker,risk score
name,ticker,risk score
name,ticker,risk score
name,ticker,risk score
name,ticker,risk score
name,ticker,risk score
name,ticker,risk score
name,ticker,risk score
name,ticker,risk score
name,ticker,risk score
name,ticker,risk score
name,ticker,risk score
name,ticker,risk score
name,ticker,risk score
name,ticker,risk score
name,ticker,risk score
name,ticker,risk score
name,ticker,risk score
name,ticker,risk score
name,ticker,risk score
name,ticker,risk score
name,ticker,risk score
name,ticker,risk score
name,ticker,risk score
name,ticker,risk score
name,ticker,risk score
name,ticker,risk score
name,ticker,risk score
name,ticker,risk score
name,ticker,risk score
name,ticker,risk score
name,ticker,risk score
name,ticker,risk score
Cardano,ADA,5
name,ticker,risk score

name,ticker,risk score
name,ticker,risk score
name,ticker,risk score
name,ticker,risk score
name,ticker,risk score
name,ticker,risk score
name,ticker,risk score
name,ticker,risk score
name,ticker,risk score
name,ticker,risk score
name,ticker,risk score
name,ticker,risk score
name,ticker,risk score
name,ticker,risk score
name,ticker,risk score
name,ticker,risk score
name,ticker,risk score
name,ticker,risk score
name,ticker,risk score
name,ticker,risk score
name,ticker,risk score
name,ticker,risk score
name,ticker,risk score
name,ticker,risk score
name,ticker,risk score
name,ticker,risk score
name,ticker,risk score
name,ticker,risk score
name,ticker,risk score
name,ticker,risk score
name,ticker,risk score
name,ticker,risk score
name,ticker,risk score
name,ticker,risk score
name,ticker,risk score
name,ticker,risk score
name,ticker,risk score
name,ticker,risk score
name,ticker,risk score
name,ticker,risk score
name,ticker,risk score
name,ticker,risk score
name,ticker,risk score
name,ticker,risk score
name,ticker,risk score
name,ticker,risk score
name,ticker,risk score
name,ticker,risk score
name,ticker,risk score
name,ticker,risk score
name,ticker,risk score
name,ticker,risk score
name,ticker,risk score
name,ticker,risk score
name,ticker,risk score
name,ticker,risk score
name,ticker,risk score
name,ticker,risk score
name,ticker,risk score
name,ticker,risk score
name,ticker,risk score
name,ticker,risk score
name,ticker,risk score
name,ticker,risk score
name,ticker,risk score
name,ticker,risk score
name,ticker,risk score
name,ticker,risk score
name,ticker,risk score
name,ticker,risk score
name,ticker,risk score
name,ticker,risk score
name,ticker,risk score
name,ticker,risk score
name,ticker,risk score
name,ticker,risk score
name,ticker,risk score
name,ticker,risk score
name,ticker,risk score
name,ticker,risk score
name,ticker,risk score
name,ticker,risk score
name,ticker,risk score
name,ticker,risk score
name,ticker,risk score
name,ticker,risk score
name,ticker,risk score
name,ticker,risk score
name,ticker,risk score
name,ticker,risk score
name,ticker,risk score
name,ticker,risk score
name,ticker,risk score
name,ticker,risk score
name,ticker,risk score
name,ticker,risk score
name,ticker,risk score
name,ticker,risk score
name,ticker,risk score
name,ticker,risk score
name,ticker,risk score
name,ticker,risk score
name,ticker,risk score
name,ticker,risk score
name,ticker,risk score
name,ticker,risk score
name,ticker,risk score
name,ticker,risk score
name,ticker,risk score
name,ticker,risk score
name,ticker,risk score
name,ticker,risk score
name,ticker,risk score
name,ticker,risk score
name,ticker,risk score
name,ticker,risk score
name,ticker,risk score
name,ticker,risk score
name,ticker,risk score
name,ticker,risk score
name,ticker,risk score
name,ticker,risk score
name,ticker,risk score
name,ticker,risk score
name,ticker,risk score
name,ticker,risk score
name,ticker,risk score
name,ticker,risk score
name,ticker,risk score
name,ticker,risk score
name,ticker,risk score
name,ticker,risk score
name,ticker,risk score
name,ticker,risk score
name,ticker,risk score
name,ticker,risk score
name,ticker,risk score
name,ticker,risk score
name,ticker,risk score
name,ticker,risk score
name,ticker,risk score
name,ticker,risk score
name,ticker,risk score
name,ticker,risk score
name,ticker,risk score
name,ticker,risk score
name,ticker,risk score
name,ticker,risk score
name,ticker,risk score
name,ticker,risk score
name,ticker,risk score
name,ticker,risk score
name,ticker,risk score
name,ticker,risk score
name,ticker,risk score
name,ticker,risk score
name,ticker,risk score
name,ticker,risk score
name,ticker,risk score
name,ticker,risk score
name,ticker,risk score
name,ticker,risk score
name,ticker,risk score
name,ticker,risk score
name,ticker,risk score
name,ticker,risk score
name,ticker,risk score
name,ticker,risk score
name,ticker,risk score
name,ticker,risk score
name,ticker,risk score
name,ticker,risk score
name,ticker,risk score
name,ticker,risk score
name,ticker,risk score
name,ticker,risk score
name,ticker,risk score
name,ticker,risk score
name,ticker,risk score
name,ticker,risk score
name,ticker,risk score
name,ticker,risk score
name,ticker,risk score
name,ticker,risk score
name,ticker,risk score
name,ticker,risk score
name,ticker,risk score
name,ticker,risk score
name,ticker,risk score
name,ticker,risk score
name,ticker,risk score
name,ticker,risk score
name,ticker,risk score
name,ticker,risk score
name,ticker,risk score
name,ticker,risk score
name,ticker,risk score
name,ticker,risk score
name,ticker,risk score
name,ticker,risk score
name,ticker,risk score
name,ticker,risk score
name,ticker,risk score
name,ticker,risk score
name,ticker,risk score
name,ticker,risk score
name,ticker,risk score
name,ticker,risk score
name,ticker,risk score
name,ticker,risk score
name,ticker,risk score
name,ticker,risk score
name,ticker,risk score
name,ticker,risk score
name,ticker,risk score
name,ticker,risk score
name,ticker,risk score
name,ticker,risk score
name,ticker,risk score
name,ticker,risk score
name,ticker,risk score
name,ticker,risk score
name,ticker,risk score
name,ticker,risk score
name,ticker,risk score
name,ticker,risk score
name,ticker,risk score
name,ticker,risk score
name,ticker,risk score
name,ticker,risk score
name,ticker,risk score
name,ticker,risk score
name,ticker,risk score
name,ticker,risk score
name,ticker,risk score
name,ticker,risk score
name,ticker,risk score
name,ticker,risk score
name,ticker,risk score
name,ticker,risk score
name,ticker,risk score
name,ticker,risk score
name,ticker,risk score
name,ticker,risk score
name,ticker,risk score
name,ticker,risk score
name,ticker,risk score
name,ticker,risk score
name,ticker,risk score
name,ticker,risk score
name,ticker,risk score
name,ticker,risk score
name,ticker,risk score
name,ticker,risk score
name,ticker,risk score
name,ticker,risk score
name,ticker,risk score
name,ticker,risk score
name,ticker,risk score
name,ticker,risk score
name,ticker,risk score
name,ticker,risk score
name,ticker,risk score
name,ticker,risk score
name,ticker,risk score
name,ticker,risk score
name,ticker,risk score
name,ticker,risk score
name,ticker,risk score
name,ticker,risk score
name,ticker,risk score
name,ticker,risk score
name,ticker,risk score
name,ticker,risk score
name,ticker,risk score
name,ticker,risk score
name,ticker,risk score
name,ticker,risk score
name,ticker,risk score
name,ticker,risk score
name,ticker,risk score
name,ticker,risk score
name,ticker,risk score
name,ticker,risk score
name,ticker,risk score
name,ticker,risk score
name,ticker,risk score
name,ticker,risk score
name,ticker,risk score
name,ticker,risk score
name,ticker,risk score
name,ticker,risk score
name,ticker,risk score
name,ticker,risk score
name,ticker,risk score
name,ticker,risk score
name,ticker,risk score
name,ticker,risk score
name,ticker,risk score
name,ticker,risk score
name,ticker,risk score
name,ticker,risk score
name,ticker,risk score
name,ticker,risk score
name,ticker,risk score
name,ticker,risk score
name,ticker,risk score
name,ticker,risk score
name,ticker,risk score
name,ticker,risk score
name,ticker,risk score
name,ticker,risk score
name,ticker,risk score
name,ticker,risk score
name,ticker,risk score
name,ticker,risk score
name,ticker,risk score
name,ticker,risk score
name,ticker,risk score
name,ticker,risk score
name,ticker,risk score
name,ticker,risk score
name,ticker,risk score
name,ticker,risk score
name,ticker,risk score
name,ticker,risk score
name,ticker,risk score
name,ticker,risk score
name,ticker,risk score
name,ticker,risk score
name,ticker,risk score
name,ticker,risk score
name,ticker,risk score
name,ticker,risk score
name,ticker,risk score
name,ticker,risk score
name,ticker,risk score
name,ticker,risk score
name,ticker,risk score
name,ticker,risk score
name,ticker,risk score
name,ticker,risk score
name,ticker,risk score
name,ticker,risk score
name,ticker,risk score
name,ticker,risk score
name,ticker,risk score
name,ticker,risk score
name,ticker,risk score
name,ticker,risk score
name,ticker,risk score
name,ticker,risk score
name,ticker,risk score
name,ticker,risk score
name,ticker,risk score
name,ticker,risk score
name,ticker,risk score
name,ticker,risk score
name,ticker,risk score
name,ticker,risk score
name,ticker,risk score
name,ticker,risk score
name,ticker,risk score
name,ticker,risk score
name,ticker,risk score
name,ticker,risk score
name,ticker,risk score
name,ticker,risk score
name,ticker,risk score
name,ticker,risk score
name,ticker,risk score
name,ticker,risk score
name,ticker,risk score
name,ticker,risk score
name,ticker,risk score
name,ticker,risk score
name,ticker,risk score
name,ticker,risk score
name,ticker,risk score
name,ticker,risk score
name,ticker,risk score
name,ticker,risk score
name,ticker,risk score
name,ticker,risk score
name,ticker,risk score
name,ticker,risk score
name,ticker,risk score
name,ticker,risk score
name,ticker,risk score
name,ticker,risk score
name,ticker,risk score
name,ticker,risk score
name,ticker,risk score
name,ticker,risk score
name,ticker,risk score
name,ticker,risk score
name,ticker,risk score
name,ticker,risk score
name,ticker,risk score
name,ticker,risk score
name,ticker,risk score
name,ticker,risk score
name,ticker,risk score
name,ticker,risk score
name,ticker,risk score
name,ticker,risk score
name,ticker,risk score
name,ticker,risk score
name,ticker,risk score
name,ticker,risk score
name,ticker,risk score
name,ticker,risk score
name,ticker,risk score
name,ticker,risk score
name,ticker,risk score
name,ticker,risk score
name,ticker,risk score
name,ticker,risk score
name,ticker,risk score
name,ticker,risk score
name,ticker,risk score
name,ticker,risk score
name,ticker,risk score
name,ticker,risk score
name,ticker,risk score
name,ticker,risk score
name,ticker,risk score
name,ticker,risk score
name,ticker,risk score
name,ticker,risk score
name,ticker,risk score
name,ticker,risk score
name,ticker,risk score
name,ticker,risk score
name,ticker,risk score
name,ticker,risk score
name,ticker,risk score
name,ticker,risk score
name,ticker,risk score
name,ticker,risk score
name,ticker,risk score
name,ticker,risk score
name,ticker,risk score
name,ticker,risk score
name,ticker,risk score
name,ticker,risk score
name,ticker,risk score
name,ticker,risk score
name,ticker,risk score
name,ticker,risk score
name,ticker,risk score
name,ticker,risk score
name,ticker,risk score
name,ticker,risk score
name,ticker,risk score
name,ticker,risk score
name,ticker,risk score
name,ticker,risk score
name,ticker,risk score
name,ticker,risk score
name,ticker,risk score
name,ticker,risk score
name,ticker,risk score
name,ticker,risk score
name,ticker,risk score
name,ticker,risk score
name,ticker,risk score
name,ticker,risk score
name,ticker,risk score
name,ticker,risk score
name,ticker,risk score
name,ticker,risk score
name,ticker,risk score
name,ticker,risk score
name,ticker,risk score
name,ticker,risk score
name,ticker,risk score
name,ticker,risk score
name,ticker,risk score
name,ticker,risk score
name,ticker,risk score
name,ticker,risk score
name,ticker,risk score
name,ticker,risk score
name,ticker,risk score
name,ticker,risk score
name,ticker,risk score
name,ticker,risk score
name,ticker,risk score
name,ticker,risk score
name,ticker,risk score
name,ticker,risk score
name,ticker,risk score
name,ticker,risk score
name,ticker,risk score
name,ticker,risk score
name,ticker,risk score
name,ticker,risk score
name,ticker,risk score
name,ticker,risk score
name,ticker,risk score
name,ticker,risk score
name,ticker,risk score
name,ticker,risk score
name,ticker,risk score
name,ticker,risk score
name,ticker,risk score
name,ticker,risk score
name,ticker,risk score
name,ticker,risk score
name,ticker,risk score
name,ticker,risk score
name,ticker,risk score
name,ticker,risk score
name,ticker,risk score
name,ticker,risk score
name,ticker,risk score
name,ticker,risk score
name,ticker,risk score
name,ticker,risk score
name,ticker,risk score
name,ticker,risk score
name,ticker,risk score
name,ticker,risk score
name,ticker,risk score
name,ticker,risk score
name,ticker,risk score
name,ticker,risk score
name,ticker,risk score
name,ticker,risk score
name,ticker,risk score
name,ticker,risk score
name,ticker,risk score
name,ticker,risk score
name,ticker,risk score
name,ticker,risk score
name,ticker,risk score
name,ticker,risk score
name,ticker,risk score
name,ticker,risk score
name,ticker,risk score
name,ticker,risk score
name,ticker,risk score
name,ticker,risk score
name,ticker,risk score
name,ticker,risk score
name,ticker,risk score
name,ticker,risk score
name,ticker,risk score
name,ticker,risk score
name,ticker,risk score
name,ticker,risk score
name,ticker,risk score
name,ticker,risk score
name,ticker,risk score
name,ticker,risk score
name,ticker,risk score
name,ticker,risk score
name,ticker,risk score
name,ticker,risk score
name,ticker,risk score
name,ticker,risk score
name,ticker,risk score
name,ticker,risk score
name,ticker,risk score
name,ticker,risk score
name,ticker,risk score
name,ticker,risk score
name,ticker,risk score
name,ticker,risk score
name,ticker,risk score
name,ticker,risk score
name,ticker,risk score
name,ticker,risk score
name,ticker,risk score
name,ticker,risk score
name,ticker,risk score
name,ticker,risk score
name,ticker,risk score
name,ticker,risk score
name,ticker,risk score
name,ticker,risk score
name,ticker,risk score
name,ticker,risk score
name,ticker,risk score
name,ticker,risk score
name,ticker,risk score
name,ticker,risk score
name,ticker,risk score
name,ticker,risk score
name,ticker,risk score
name,ticker,risk score
name,ticker,risk score
name,ticker,risk score
name,ticker,risk score
name,ticker,risk score
name,ticker,risk score
name,ticker,risk score
name,ticker,risk score
name,ticker,risk score
name,ticker,risk score
name,ticker,risk score
name,ticker,risk score
name,ticker,risk score
name,ticker,risk score
name,ticker,risk score
name,ticker,risk score
name,ticker,risk score
name,ticker,risk score
name,ticker,risk score
name,ticker,risk score
name,ticker,risk score
name,ticker,risk score
name,ticker,risk score
name,ticker,risk score
name,ticker,risk score
name,ticker,risk score
name,ticker,risk score
name,ticker,risk score
name,ticker,risk score
name,ticker,risk score
name,ticker,risk score
name,ticker,risk score
name,ticker,risk score
name,ticker,risk score
name,ticker,risk score
name,ticker,risk score
name,ticker,risk score
name,ticker,risk score
name,ticker,risk score
name,ticker,risk score
name,ticker,risk score
name,ticker,risk score
name,ticker,risk score
name,ticker,risk score
name,ticker,risk score
name,ticker,risk score
name,ticker,risk score
name,ticker,risk score
name,ticker,risk score
name,ticker,risk score
name,ticker,risk score
name,ticker,risk score
name,ticker,risk score
name,ticker,risk score
name,ticker,risk score
name,ticker,risk score
name,ticker,risk score
name,ticker,risk score
name,ticker,risk score
name,ticker,risk score
name,ticker,risk score
name,ticker,risk score
name,ticker,risk score
name,ticker,risk score
name,ticker,risk score
name,ticker,risk score
name,ticker,risk score
name,ticker,risk score
name,ticker,risk score
name,ticker,risk score
name,ticker,risk score
name,ticker,risk score
name,ticker,risk score
name,ticker,risk score
name,ticker,risk score
name,ticker,risk score
name,ticker,risk score
name,ticker,risk score
name,ticker,risk score
name,ticker,risk score
name,ticker,risk score
name,ticker,risk score
name,ticker,risk score
name,ticker,risk score
name,ticker,risk score
name,ticker,risk score
name,ticker,risk score
name,ticker,risk score
name,ticker,risk score
name,ticker,risk score
name,ticker,risk score
name,ticker,risk score
name,ticker,risk score
name,ticker,risk score
name,ticker,risk score
name,ticker,risk score
name,ticker,risk score
name,ticker,risk score
name,ticker,risk score
name,ticker,risk score
name,ticker,risk score
name,ticker,risk score
name,ticker,risk score
name,ticker,risk score
name,ticker,risk score
name,ticker,risk score
name,ticker,risk score
name,ticker,risk score
name,ticker,risk score
name,ticker,risk score
name,ticker,risk score
name,ticker,risk score
name,ticker,risk score
name,ticker,risk score
name,ticker,risk score
name,ticker,risk score
name,ticker,risk score
name,ticker,risk score
name,ticker,risk score
name,ticker,risk score
name,ticker,risk score
name,ticker,risk score
name,ticker,risk score
name,ticker,risk score
name,ticker,risk score
name,ticker,risk score
name,ticker,risk score
name,ticker,risk score
name,ticker,risk score
name,ticker,risk score
name,ticker,risk score
name,ticker,risk score
name,ticker,risk score
name,ticker,risk score
name,ticker,risk score
name,ticker,risk score
name,ticker,risk score
name,ticker,risk score
name,ticker,risk score
name,ticker,risk score
name,ticker,risk score
name,ticker,risk score
name,ticker,risk score
name,ticker,risk score
name,ticker,risk score
name,ticker,risk score
name,ticker,risk score
name,ticker,risk score
name,ticker,risk score
name,ticker,risk score
name,ticker,risk score
name,ticker,risk score
name,ticker,risk score
name,ticker,risk score
name,ticker,risk score
name,ticker,risk score
name,ticker,risk score
name,ticker,risk score
name,ticker,risk score
name,ticker,risk score
name,ticker,risk score
name,ticker,risk score
name,ticker,risk score
name,ticker,risk score
name,ticker,risk score
name,ticker,risk score
name,ticker,risk score
name,ticker,risk score
name,ticker,risk score
name,ticker,risk score
name,ticker,risk score
name,ticker,risk score
name,ticker,risk score
name,ticker,risk score
name,ticker,risk score
name,ticker,risk score
name,ticker,risk score
name,ticker,risk score
name,ticker,risk score
name,ticker,risk score
name,ticker,risk score
name,ticker,risk score
name,ticker,risk score
name,ticker,risk score
name,ticker,risk score
name,ticker,risk score
name,ticker,risk score
name,ticker,risk score
name,ticker,risk score
name,ticker,risk score
name,ticker,risk score
name,ticker,risk score
name,ticker,risk score
name,ticker,risk score
name,ticker,risk score
name,ticker,risk score
name,ticker,risk score
name,ticker,risk score
name,ticker,risk score
name,ticker,risk score
name,ticker,risk score
name,ticker,risk score
name,ticker,risk score
name,ticker,risk score
name,ticker,risk score
name,ticker,risk score
name,ticker,risk score
name,ticker,risk score
name,ticker,risk score
name,ticker,risk score
name,ticker,risk score
name,ticker,risk score
name,ticker,risk score
name,ticker,risk score
name,ticker,risk score
name,ticker,risk score
name,ticker,risk score
name,ticker,risk score
name,ticker,risk score
name,ticker,risk score
name,ticker,risk score
name,ticker,risk score
name,ticker,risk score
name,ticker,risk score
name,ticker,risk score
name,ticker,risk score
name,ticker,risk score
name,ticker,risk score
name,ticker,risk score
name,ticker,risk score
name,ticker,risk score
name,ticker,risk score
name,ticker,risk score
name,ticker,risk score
name,ticker,risk score
name,ticker,risk score
name,ticker,risk score
name,ticker,risk score
name,ticker,risk score
name,ticker,risk score
name,ticker,risk score
name,ticker,risk score
name,ticker,risk score
name,ticker,risk score
name,ticker,risk score
name,ticker,risk score
name,ticker,risk score
name,ticker,risk score
name,ticker,risk score
name,ticker,risk score
name,ticker,risk score
name,ticker,risk score
name,ticker,risk score
name,ticker,risk score
name,ticker,risk score
name,ticker,risk score
name,ticker,risk score
name,ticker,risk score
name,ticker,risk score
name,ticker,risk score
name,ticker,risk score
name,ticker,risk score
name,ticker,risk score
name,ticker,risk score
name,ticker,risk score
name,ticker,risk score
name,ticker,risk score
name,ticker,risk score
name,ticker,risk score
name,ticker,risk score
name,ticker,risk score
name,ticker,risk score
name,ticker,risk score
name,ticker,risk score
name,ticker,risk score
name,ticker,risk score
name,ticker,risk score
name,ticker,risk score
name,ticker,risk score
name,ticker,risk score
name,ticker,risk score
name,ticker,risk score
name,ticker,risk score
name,ticker,risk score
name,ticker,risk score
name,ticker,risk score
name,ticker,risk score
name,ticker,risk score
name,ticker,risk score
name,ticker,risk score
name,ticker,risk score
name,ticker,risk score
name,ticker,risk score
name,ticker,risk score
name,ticker,risk score
name,ticker,risk score
name,ticker,risk score
name,ticker,risk score
name,ticker,risk score
name,ticker,risk score
name,ticker,risk score
name,ticker,risk score
name,ticker,risk score
name,ticker,risk score
name,ticker,risk score
name,ticker,risk score
name,ticker,risk score
name,ticker,risk score
name,ticker,risk score
name,ticker,risk score
name,ticker,risk score
name,ticker,risk score
name,ticker,risk score
name,ticker,risk score
name,ticker,risk score
name,ticker,risk score
name,ticker,risk score
name,ticker,risk score
name,ticker,risk score
name,ticker,risk score
name,ticker,risk score
name,ticker,risk score
name,ticker,risk score
name,ticker,risk score
name,ticker,risk score
name,ticker,risk score
name,ticker,risk score
name,ticker,risk score
name,ticker,risk score
name,ticker,risk score
name,ticker,risk score
name,ticker,risk score
name,ticker,risk score
name,ticker,risk score
name,ticker,risk score
name,ticker,risk score
name,ticker,risk score
name,ticker,risk score
name,ticker,risk score
name,ticker,risk score
name,ticker,risk score
name,ticker,risk score
name,ticker,risk score
name,ticker,risk score
name,ticker,risk score
name,ticker,risk score
name,ticker,risk score
name,ticker,risk score
name,ticker,risk score
name,ticker,risk score
name,ticker,risk score
name,ticker,risk score
name,ticker,risk score
name,ticker,risk score
name,ticker,risk score
name,ticker,risk score
name,ticker,risk score
name,ticker,risk score
name,ticker,risk score
name,ticker,risk score
name,ticker,risk score
name,ticker,risk score
name,ticker,risk score
name,ticker,risk score
name,ticker,risk score
name,ticker,risk score
name,ticker,risk score
name,ticker,risk score
name,ticker,risk score
name,ticker,risk score
name,ticker,risk score
name,ticker,risk score
name,ticker,risk score
name,ticker,risk score
name,ticker,risk score
name,ticker,risk score
name,ticker,risk score
name,ticker,risk score
name,ticker,risk score
name,ticker,risk score
name,ticker,risk score
name,ticker,risk score
name,ticker,risk score
name,ticker,risk score
name,ticker,risk score
name,ticker,risk score
name,ticker,risk score
name,ticker,risk score
name,ticker,risk score
name,ticker,risk score
name,ticker,risk score
name,ticker,risk score
name,ticker,risk score
name,ticker,risk score
name,ticker,risk score
name,ticker,risk score
name,ticker,risk score
name,ticker,risk score
name,ticker,risk score
name,ticker,risk score
name,ticker,risk score
name,ticker,risk score
name,ticker,risk score
name,ticker,risk score
name,ticker,risk score
name,ticker,risk score
name,ticker,risk score
name,ticker,risk score
name,ticker,risk score
name,ticker,risk score
name,ticker,risk score
name,ticker,risk score
name,ticker,risk score
name,ticker,risk score
name,ticker,risk score
name,ticker,risk score
name,ticker,risk score
name,ticker,risk score
name,ticker,risk score
name,ticker,risk score
name,ticker,risk score
name,ticker,risk score
name,ticker,risk score
name,ticker,risk score
name,ticker,risk score
name,ticker,risk score
name,ticker,risk score
name,ticker,risk score
name,ticker,risk score
name,ticker,risk score
name,ticker,risk score
name,ticker,risk score
Cardano,ADA,5
